id_name,full_name,birth_date,source
yolanda_merelo_palomares,Yolanda Merelo Palomares,,
visitacion_perez_vega,Visitación Pérez Vega,,
virginio_sanchez_barberan,Virginio Sánchez Barberán,,
virgilio_velasco_bueno,Virgilio Velasco Bueno,1935,https://heraldodiariodesoria.elmundo.es/articulo/soria/fallece-virgilio-velasco-segundo-alcalde-democracia-soria/20170701101000259134.html
vidal_galicia_jaramillo,Vidal Galicia Jaramillo,1965-05-23,http://elperiodicodecastillayleon.com/noticia/2016-04-01-vidal-galicia-jaramillo-alcalde-arevalo-siempre-he-sido-una-persona-consenso-1956
victoriano_roncero_rodriguez,Victoriano Roncero Rodríguez,,
victor_gonzalez_fernandez,Víctor González Fernández,1987-08-15,https://www.psoe.es/senado/notas-de-prensa/juan-espadas-susana-diaz-y-victor-gonzalez-toman-posesion-de-sus-escanos/
vicente_romualdo_murillo_gomez,Vicente Romualdo Murillo Gómez,,
vicente_martinez_mus,Vicente Martínez Mus,,
vicente_juan_villar,Vicente Juan Villar,,
vanessa_callau_minarro,Vanessa Callau Miñarro,1980-04-25,https://www.senado.es/web/composicionorganizacion/senadores/composicionsenado/fichasenador/index.html;jsessionid=JnQ8kGGK0Zh4T76hNwGSFRT12pnYMnh4Kl2Q3mvX1m1cwr111QNv!-2092363325?id1=19665&legis=14&id2=g
valeriano_enriquez_gonzalez,Valeriano Enríquez González,,
valentin_bravo_martin_pintado,Valentín Bravo Martín-Pintado,,
tomas_rafael_delgado_toro,Tomás Rafael Delgado Toro,1951-11-24,https://cordobapedia.wikanda.es/wiki/Tom%C3%A1s_Delgado_Toro
tomas_cabrera_lozano,Tomás Cabrera Lozano,1952-04-16,https://www.parlamentodeandalucia.es/opencms/export/portal-web-parlamento/contenidos/pdf/PublicacionesNOoficiales/Monografias/memoriaXXVaniversario.pdf
tirso_tomas_gonzalez,Tirso Tomás González,,
teresa_garcia_aviles,Teresa García Avilés,1973,https://elpais.com/diario/2000/05/03/ultima/957304802_850215.html
susana_hernandez_ruiz,Susana Hernández Ruiz,1976,https://murciaeconomia.com/art/62876/estos-son-los-cuatro-nuevos-senadores-por-murcia-dos-del-psoe-y-dos-del-pp
susana_carmen_german_laguna,Susana Carmen Germán Laguna,1958-06-01,https://prabook.com/web/susana_carmen.german_laguna/943731
sotero_fernandez_pinilla_lopez_menchero,Sotero Fernández-Pinilla López-Menchero,1942-08-13,https://www.boe.es/boe/dias/1978/05/06/pdfs/A10688-10689.pdf
sinforiano_rebolledo_macias,Sinforiano Rebolledo Macías,,
severa_gonzalez_lopez,Severa González López,1967-11-05,https://www.murcia.com/region/noticias/2014/04/29-severa-gonzalez-lopez-primera-portavoz-del-grupo-parlamentario-popular.asp
sergio_ramos_acosta,Sergio Ramos Acosta,1983,https://www.canarias7.es/canarias/gran-canaria/telde/manuel-dominguez-respalda-20221127203732-nt.html
sergio_carlos_matos_castro,Sergio Carlos Matos Castro,,
sebastian_garcia_tomas,Sebastián García Tomás,1957,https://www.laverdad.es/murcia/v/20101029/murcia/hace-falta-renovacion-ayuntamiento-20101029.html
sebastian_contin_pellicer,Sebastián Contín Pellicer,,
saturnina_santana_dumpierrez,Saturnina Santana Dumpiérrez,,
santiago_ballesteros_rodrigo,Santiago Ballesteros de Rodrigo,,
santiago_balleste_clofent,Santiago Ballesté Clofent,1957-07-25,https://ca.wikipedia.org/wiki/Santiago_Ballest%C3%A9_i_Clofent
salvador_ripoll_marin,Salvador Ripoll Marín,1922,https://archivogeneral.carm.es/archivoGeneral/arg.detalle_documento?idDetalle=3963206#
salvador_capdevila_bas,Salvador Capdevila Bas,1946,https://ca.wikipedia.org/wiki/Salvador_Capdevila_i_Bas
ruben_marcos_villacampa_arilla,Rubén Marcos Villacampa Arilla,1948-03-24,https://www.psoe.es/senado/notas-de-prensa/ruben-villacampa-adquiere-la-condicion-plena-de-senador/
rosendo_audet_puncernau,Rosendo Audet Puncernau,1923-06-10,https://www.galeriametges.cat/galeria-bibliografia.php?icod=EHME
rosa_maria_perez_hernandez,Rosa María Pérez Hernández,1948,https://esquelas.diariosur.es/necrologicas/dna-rosa-maria-perez-hernandez-405770.html
rosa_maria_fernandez_pacheco,Rosa María Fernández Pacheco,,
rosa_lopez_garnica,Rosa López Garnica,,
rosa_isabel_diez_lopez,Rosa Isabel Díez López,,
rodrigo_mediavilla_perez,Rodrigo Mediavilla Pérez,1991-01-19,https://www.senado.es/web/composicionorganizacion/senadores/composicionsenado/fichasenador/index.html?id1=18104&legis=14&id2=g
roberto_fernandez_reguera_lagunero,Roberto Fernández de la Reguera Lagunero,,
ricardo_rodriguez_castanon,Ricardo Rodríguez Castañón,,
ricardo_clemente_donate_catalan,Ricardo Clemente Doñate Catalán,,
ricard_burballa_campabadal,Ricard Burballa Campabadal,,
ramon_rodriguez_lopez,Ramón Rodríguez López,1966-02-23,https://www.senado.es/web/composicionorganizacion/senadores/composicionsenado/fichasenador/index.html?id1=19049&legis=14&id2=g
ramon_nunez_diacono,Ramón Núñez Diacono,1943-05-02,https://prabook.com/web/ramon.nunez_diacono/946304
ramon_jerez_herrera,Ramón Jerez Herrera,1942-03-15,https://guanches.org/index.php?title=Ram%C3%B3n_Jerez_Herrera
ramon_garrido_aguera,Ramón Garrido Aguera,,
ramon_galan_cazallas,Ramón Galán Cazallas,,
ramon_alonso_luzzy,Ramón Alonso Luzzy,1921-05-17,https://es.wikipedia.org/wiki/Ram%C3%B3n_Alonso_Luzzy
raimundo_garcia_arroyo,Raimundo García Arroyo,,
rafael_zapatero_gonzalez,Rafael Zapatero González,1956,https://www.heraldo.es/noticias/aragon/2016/01/13/fallece-exconsejero-dga-rafael-zapatero-704594-300.html
rafael_olea_alvarez,Rafael Olea Álvarez,1949-10-20,https://prabook.com/web/rafael.olea_alvarez/946366
rafael_martin_hernandez,Rafael Martín Hernández,1928,http://pares.mcu.es/ParesBusquedas20/catalogo/autoridad/146858
rafael_marquez_cano,Rafael Márquez Cano,1929,https://elpais.com/cultura/2013/01/24/actualidad/1358985718_544838.html
rafael_maria_garcia_rico_fernandez,Rafael María García-Rico Fernández,,
rafael_lopez_martin_vega,Rafael López Martín de la Vega,1951-08-16,https://fpabloiglesias.es/entrada-db/37946_lopez-martin-vega-rafael/
rafael_lopez_gamonal,Rafael López Gamonal,1945,https://www.hoy.es/extremadura/201508/30/politico-volante-20150830000504-v.html
rafael_ginel_canamaque,Rafael Ginel Cañamaque,,
rafael_garcia_contreras,Rafael García Contreras,1936-09-03,https://biblioteca.cordoba.es/index.php/actividades-pasadas/823-libro-susurros-libertad.html
rafael_carlos_fernandez_pinar_afan_ribera,Rafael Carlos Fernández-Piñar Afán de Ribera,,
pilar_liebana_soto,Pilar Liébana Soto,,
pilar_aresti_victoria_lecea,Pilar Aresti Victoria de Lecea,,
pere_vidal_sardo,Pere Vidal Sardó,1942-05-31,https://prabook.com/web/pere.vidal_i_sardo/948636
pedro_tomas_galvan_urzaiz,Pedro Tomás Galván de Urzaiz,,
pedro_montanes_escobar,Pedro Montañés Escobar,,
pedro_manuel_rodriguez_navarro,Pedro Manuel Rodríguez Navarro,,
pedro_luis_martinez_martinez,Pedro Luis Martínez Martínez,,
pedro_jose_rico_jimenez,Pedro José Rico Jiménez,1930,https://www.diariosur.es/malaga/muere-92-anos-profesor-exdiputado-pedro-rico-20220821095709-nt.html
pedro_francisco_gutierrez_pulido,Pedro Francisco Gutiérrez Pulido,,
pedro_costa_sanjurjo,Pedro Costa Sanjurjo,,
paula_monzon_suarez,Paula Monzón Suárez,1944-09-24,https://www.parcan.es/composicion/diputado.py?ID_MIEMBRO=05039
pau_furriol_fornells,Pau Furriol Fornells,1962-03-06,https://www.senado.es/web/composicionorganizacion/senadores/composicionsenado/fichasenador/index.html?id1=19485&id2=a&legis=14
patricio_gutierrez_cano,Patricio Gutiérrez Cano,,
patricia_abascal_jimenez,Patricia Abascal Jiménez,1960-05-19,https://www.senado.es/web/composicionorganizacion/senadores/composicionsenado/fichasenador/index.html?id1=18218&legis=14&id2=g
pascual_rabal_petriz,Pascual Rabal Pétriz,1930-06-09,https://es.wikipedia.org/wiki/Pascual_Rabal_Petriz
paloma_ines_sanz_jeronimo,Paloma Inés Sanz Jerónimo,1960,http://sirdoc.ccyl.es/biblioteca/LibrosCortes/book/MemoriaActividadesVII.pdf
paloma_hernandez_cerezo,Paloma Hernández Cerezo,1981-10-30,https://www.senado.es/web/composicionorganizacion/senadores/composicionsenado/fichasenador/index.html?id1=18193&legis=14&id2=g
paloma_alonso_sahagun,Paloma Alonso Sahagún,1959-02-10,https://www.senado.es/web/composicionorganizacion/senadores/composicionsenado/fichasenador/index.html?id1=19785&legis=14&id2=g
pablo_tello_diaz,Pablo Tello Díaz,1945-07-02,https://www.europapress.es/castilla-lamancha/noticia-fallece-exalcalde-talavera-pablo-tello-diaz-20120116151441.html
pablo_ruz_villanueva,Pablo Ruz Villanueva,1983-09-15,https://www.senado.es/web/composicionorganizacion/senadores/composicionsenado/fichasenador/index.html?id1=18113&legis=13
pablo_rodriguez_cejas,Pablo Rodríguez Cejas,1989-01-28,http://www.pablorodriguezcejas.com/p/biografia.html
pablo_perez_coronado,Pablo Pérez Coronado,1984-12-26,https://www.senado.es/web/composicionorganizacion/senadores/composicionsenado/fichasenador/index.html?id1=19053&legis=14&id2=g
pablo_gardey_peiro,Pablo Gardey Peiro,1945,https://ca.wikipedia.org/wiki/Pablo_Gardey_Peir%C3%B3
pablo_francisco_hurtado_samper,Pablo Francisco Hurtado Samper,,
pablo_elena_nunez,Pablo Elena Núñez,,
oscar_llanos_vera,Óscar Llanos Vera,,
onesimo_lopez_chillon,Onésimo López Chillón,,
olivia_maria_delgado_oval,Olivia María Delgado Oval,1976,https://www.eldia.es/tenerife/2019/07/14/olivia-delgado-gestion-politica-sido-22602811.html
octavio_adolfo_lopez_rodriguez,Octavio Adolfo López Rodríguez,1962-03-12,https://www.pp.es/octavio-adolfo-lopez-rodriguez
nuria_guijarro_carrillo,Nuria Guijarro Carrillo,1971-04-15,https://www.pp.es/nuria-guijarro-carrillo
nicolas_villalobos_paiz,Nicolás Villalobos de Paiz,,
nicolas_alvarez_alvarez,Nicolás Álvarez Álvarez,,
nerea_ahedo_ceza,Nerea Ahedo Ceza,1966-03-31,https://www.senado.es/web/composicionorganizacion/senadores/composicionsenado/fichasenador/index.html?id1=17027&legis=14&id2=g
nemesio_lara_guerrero,Nemesio de Lara Guerrero,,
narcis_oliveras_terradas,Narcís Oliveras Terradas,,
montserrat_duch_plana,Montserrat Duch Plana,1959-06-29,https://ca.wikipedia.org/wiki/Montserrat_Duch_i_Plana
monica_azorin_marco,Mónica Azorín Marco,,
miren_edurne_gorrochategui_azurmendi,Miren Edurne Gorrochategui Azurmendi,1967-09-18,https://es.wikipedia.org/wiki/Miren_Gorrotxategi
miquel_caminal_cerda,Miquel Caminal Cerdà,1952-09-13,https://www.senado.es/web/composicionorganizacion/senadores/composicionsenado/fichasenador/index.html?id1=18126&legis=14&id2=g
miquel_angel_estrade_palau,Miquel Àngel Estradé Palau,1957-08-10,https://ca.wikipedia.org/wiki/Miquel_%C3%80ngel_Estrad%C3%A9_i_Palau
miguel_sanchez_velazquez,Miguel Sánchez Velázquez,1931-05-03,"https://radiosintonia.com/fallece-miguel-sanchez-velazquez/#:~:text=En%20la%20tarde%20de%20hoy,el%20tercero%20de%20seis%20hermanos."
miguel_ramirez_gonzalez,Miguel Ramírez González,,
miguel_marques_lopez,Miguel Marqués López,,
miguel_lopez_munoz,Miguel López Muñoz,1950-07-16,https://www.cortsvalencianes.es/es/composicion/diputados/i/lopez_munoz_miguel/8c2ea88666ef74376c0735eccf05df63
miguel_jose_auba_fleix,Miguel José Aubà Fleix,1963-06-05,https://www.senado.es/web/composicionorganizacion/senadores/composicionsenado/fichasenador/index.html?id1=17105&legis=14&id2=g
miguel_fernando_lahoz_leon,Miguel Fernando Lahoz León,,
miguel_esteban_martin,Miguel Esteban Martín,,
miguel_cordero_del_campillo,Miguel Cordero del Campillo,1925-01-12,https://es.wikipedia.org/wiki/Miguel_Cordero_del_Campillo
miguel_cobo_martin,Miguel Cobo Martín,1932-07-02,https://fpabloiglesias.es/entrada-db/cobo-martin-miguel/
miguel_carmelo_dalmau_blanco,Miguel Carmelo Dalmau Blanco,1966-07-16,https://www.senado.es/web/composicionorganizacion/senadores/composicionsenado/fichasenador/index.html?id1=18204&legis=14&id2=g
miguel_cabrera_perez_camacho,Miguel Cabrera Pérez-Camacho,,
miguel_angel_valverde_menchero,Miguel Ángel Valverde Menchero,1970-02-11,https://www.pp.es/miguel-angel-valverde-menchero
miguel_angel_ramis_socias,Miguel Ángel Ramis Socías,1958-08-13,https://es.wikipedia.org/wiki/Miquel_Ramis
miguel_angel_nacarino_muriel,Miguel Ángel Nacarino Muriel,1978-07-15,https://www.psoe.es/senado/notas-de-prensa/miguel-angel-nacarino-toma-posesion-de-su-escano-como-senador/
miguel_angel_estevan_serrano,Miguel Ángel Estevan Serrano,1973-01-18,https://www.pp.es/miguel-angel-estevan-serrano
miguel_angel_echevarria_daubagna,Miguel Ángel Echevarría Daubagna,1942-10-01,https://aunamendi.eusko-ikaskuntza.eus/es/echevarria-daubagna-miguel-angel/ar-148592/
miguel_aguirre_martinez_falero,Miguel Aguirre Martínez Falero,1944-12-20,https://ca.wikipedia.org/wiki/Miguel_Aguirre_Mart%C3%ADnez_Falero
maximino_barthe_arias,Maximino Barthe Arias,,
mateo_sierra_bardaji,Mateo Sierra Bardají,1936-12-30,https://www.europarl.europa.eu/meps/es/1325/MATEO_SIERRA+BARDAJI/history/3
mateo_antonio_garcia_mateo,Mateo Antonio García Mateo,,
martiniano_martin_sanchez,Martiniano Martín Sánchez,,
mario_mansilla_hidalgo,Mario Mansilla Hidalgo,,
mariano_villanueva_cirac,Mariano Villanueva Cirac,,
mariano_losa_quintana,Mariano Losa Quintana,,
maria_visitacion_perez_vega,María Visitación Pérez Vega,,
maria_victoria_leal_utiel,María Victoria Leal Utiel,1965-09-17,https://www.lacerca.com/noticias/albacete/maria-victoria-leal-adquiere-condicion-plena-senadora-475832-1.html
maria_victoria_pablo_davila,María Victoria de Pablo Dávila,1958-04-01,https://www.parlamento-larioja.org/conoce-el-parlamento/legislaturas-anteriores/legislatura-5/diputados/maria-victoria-de-pablo-davila
maria_victoria_alvarez_somoano,María Victoria Álvarez Somoano,1961-05-02,https://www.senado.es/web/composicionorganizacion/senadores/composicionsenado/fichasenador/index.html?id1=19790&legis=14&id2=g
maria_valls_bertrand,María Valls Bertrand,,
maria_teresa_villuendas_asensio,María Teresa Villuendas Asensio,1958-09-08,https://www.senado.es/web/composicionorganizacion/senadores/composicionsenado/fichasenador/index.html?id1=19645&legis=14&id2=g
maria_teresa_pascual_martinez,María Teresa Pascual Martínez,,
maria_teresa_novillo_moreno,María Teresa Novillo Moreno,,
maria_rosario_rodriguez_rueda,María Rosario Rodríguez Rueda,1966-08-24,https://www.pp.es/ma-del-rosario-rodriguez-rueda
maria_rosario_hontoria_barbero,María Rosario Hontoria Barberó,,
maria_rosa_peral_diez,María Rosa Peral Díez,1966-11-28,https://www.senado.es/web/composicionorganizacion/senadores/composicionsenado/fichasenador/index.html?legis=14&id1=18071
maria_rocio_rabago_gomez,María Rocío Rábago Gómez,,
maria_rita_barbera_nolla,María Rita Barberá Nolla,1948-07-16,https://es.wikipedia.org/wiki/Rita_Barber%C3%A1
maria_remedios_gamez_mata,María Remedios Gámez Mata,,
maria_pilar_martinez_penarrubia,María Pilar Martínez Peñarrubia,1968-05-14,https://www.senado.es/web/composicionorganizacion/senadores/composicionsenado/fichasenador/index.html?legis=14&id1=19088
maria_pilar_lima_gozalvez,María Pilar Lima Gozálvez,1977-11-21,https://www.cortsvalencianes.es/es/composicion/diputados/x/lima_gozalvez_maria_pilar/69c92fb0c34f555c52ebbf558d0cd98f
maria_pilar_garrido_gutierrez,María Pilar Garrido Gutiérrez,1966-04-15,https://www.congreso.es/en/busqueda-de-diputados?p_p_id=diputadomodule&p_p_lifecycle=0&p_p_state=normal&p_p_mode=view&_diputadomodule_mostrarFicha=true&codParlamentario=210&idLegislatura=XIV&mostrarAgenda=false
maria_pilar_delgado_diez,María Pilar Delgado Díez,1963-11-09,https://www.senado.es/web/composicionorganizacion/senadores/composicionsenado/fichasenador/index.html?id1=18203&legis=14&id2=g
maria_pilar_barreiro_alvarez,María Pilar Barreiro Álvarez,1955-11-24,https://es.wikipedia.org/wiki/Pilar_Barreiro
maria_pilar_alia_aguado,María Pilar Alía Aguado,1969-08-02,https://www.senado.es/web/composicionorganizacion/senadores/composicionsenado/fichasenador/index.html?id1=19050&legis=14&id2=g
maria_perla_borao_aguirre,María Perla Borao Aguirre,1955-06-01,https://espana.isidewith.com/candidates/maria-perla-borao-aguirre
maria_nuria_simon_gonzalez,María Nuria Simón González,1973-03-07,https://www.pp.es/ma-nuria-simon-gonzalez
maria_montserrat_muro_martin,María Montserrat Muro Martín,1971-02-06,https://www.senado.es/web/composicionorganizacion/senadores/composicionsenado/fichasenador/index.html?id1=18238&legis=14&id2=g
maria_montserrat_martinez_gonzalez,María Montserrat Martínez González,1963-03-16,https://fr.wikipedia.org/wiki/Mar%C3%ADa_Montserrat_Mart%C3%ADnez_Gonz%C3%A1lez
maria_mercedes_perez_schwartz,María Mercedes Pérez Schwartz,,
maria_mercedes_otero_garcia,María Mercedes Otero García,1976-05-01,https://www.senado.es/web/composicionorganizacion/senadores/composicionsenado/fichasenador/index.html?legis=14&id1=19186
maria_mercedes_mallol_gil,María Mercedes Mallol Gil,1972-09-15,https://ca.wikipedia.org/wiki/Mar%C3%ADa_Mercedes_Mallol_Gil
maria_mercedes_coloma_pesquera,María Mercedes Coloma Pesquera,,
maria_mercedes_berenguer_llorens,María Mercedes Berenguer Llorens,1954-09-24,https://www.senado.es/web/composicionorganizacion/senadores/composicionsenado/fichasenador/index.html?id1=18287&legis=14
maria_merce_amoros_sans,María Mercé Amorós Sans,,
maria_martinez_castro,María Martínez Castro,,
maria_mar_hormigo_leon,María Mar Hormigo León,1968-08-08,https://www.parlamentodeandalucia.es/webdinamica/portal-web-parlamento/pdf.do?tipodoc=declaracion&iddeclaracion=13253
maria_lucia_urcelay_lopez_las_heras,María Lucía Urcelay López de las Heras,1950-01,https://aunamendi.eusko-ikaskuntza.eus/es/urcelay-lopez-de-las-heras-maria-lucia/ar-143908/
maria_lucia_gomez_garcia,María Lucía Gómez García,1967-09-18,https://es.wikipedia.org/wiki/Luc%C3%ADa_G%C3%B3mez
maria_josefa_celaya_armisen,María Josefa Celaya Armisen,1954,https://ca.wikipedia.org/wiki/Maria_Josefa_Celaya_i_Armisen
maria_jose_rodriguez_millan_parro,María José Rodríguez de Millán Parro,1995,https://www.vanitatis.elconfidencial.com/famosos/2022-09-07/pepa-millan-nueva-senadora-vox-joven_3486698/
maria_jesus_torres_fernandez,María Jesús Torres Fernández,1939,https://www.elconfidencial.com/espana/2012-09-14/sus-senorias-prorrogan-las-jubilaciones-de-gracia-a-sus-predecesores-por-629-000-euros_219943/
maria_jesus_broncano_diaz,María Jesús Broncano Díaz,,
maria_isabel_rodriguez_calvo,María Isabel Rodríguez Calvo,,
maria_isabel_abad_pinillos,María Isabel Abad Pinillos,,
maria_inmaculada_costa_ramon,María Inmaculada Costa Ramon,1962-11-25,https://www.psoe.es/senado/notas-de-prensa/imma-costa-toma-posesion-de-su-escano-como-senadora-por-tarragona/
maria_francisca_vicente_garcia,María Francisca Vicente García,1957-04-03,https://prabook.com/web/maria_francisca.vicente_garcia/948629
maria_florencia_prieto_moreno,María Florencia Prieto Moreno,,
maria_fernandez_alvarez,María Fernández Álvarez,1971-03-17,https://www.senado.es/web/composicionorganizacion/senadores/composicionsenado/fichasenador/index.html?legis=14&id1=17785
maria_esther_hernandez_marrero,María Esther Hernández Marrero,,
maria_esther_carmona_delgado,María Esther Carmona Delgado,1966-01-30,https://www.senado.es/web/composicionorganizacion/senadores/composicionsenado/fichasenador/index.html?id1=18209&legis=14&id2=g
maria_dolores_sanchez_diaz,María Dolores Sánchez Díaz,,
maria_dolores_romero_martinez,María Dolores Romero Martínez,,
maria_dolores_otero_rodriguez_las_heras,María Dolores Otero Rodríguez de las Heras,,
maria_dolores_ortega_peinado,María Dolores Ortega Peinado,,
maria_dolores_ortega_moral,María Dolores Ortega Moral,,
maria_dolores_calderon_perez,María Dolores Calderón Pérez,,
maria_del_rosario_casado_sobrino,María del Rosario Casado Sobrino,1961,https://es.wikipedia.org/wiki/Rosario_Casado
maria_del_pino_aleman_guedes,María del Pino Alemán Guedes,1966,https://www.teldeactualidad.com/hemeroteca/noticia/politica/2015/12/21/18575.html
maria_del_pilar_jurado_miguel,María del Pilar Jurado de Miguel,,
maria_del_mar_simonelli_munoz,María del Mar Simonelli Muñoz,,
maria_del_mar_gonzalez_pereda,María del Mar González Pereda,,
maria_del_mar_angulo_martinez,María del Mar Angulo Martínez,1966-05-22,https://www.elnortedecastilla.es/soria/201705/05/maria-angulo-impone-antonio-20170505220904.html
maria_del_carmen_valle_juan,María del Carmen Valle de Juan,1945-09-04,https://www.parlamento-larioja.org/conoce-el-parlamento/legislaturas-anteriores/legislatura-3/diputados/maria-del-carmen-valle-de-juan
maria_del_carmen_pinedo_sanchez,María del Carmen Pinedo Sánchez,,
maria_del_carmen_moreno_gonzalez,María del Carmen Moreno González,,
maria_del_carmen_moran_franco,María del Carmen Morán Franco,1962-08-31,https://www.senado.es/web/composicionorganizacion/senadores/composicionsenado/fichasenador/index.html?legis=14&id1=18299
maria_del_carmen_montes_contreras,María del Carmen Montes Contreras,,
maria_del_carmen_minguez_sierra,María del Carmen Mínguez Sierra,,
maria_del_carmen_marcos_serrano,María del Carmen Marcos Serrano,,
maria_del_carmen_lovelle_alen,María del Carmen Lovelle Alen,1941-07-09,https://editorialcirculorojo.com/autores/carmen-lovelle/
maria_del_carmen_iglesias_parra,María del Carmen Iglesias Parra,1970-06-24,https://www.senado.es/web/composicionorganizacion/senadores/composicionsenado/fichasenador/index.html?id1=16995&legis=12
maria_del_carmen_heras_pablo,María del Carmen Heras Pablo,1948-11-18,https://www.elperiodicoextremadura.com/caceres-local/2010/09/14/carmen-heras-dia-decisivo-45052987.html
maria_del_carmen_granado_paniagua,María del Carmen Granado Paniagua,,
maria_del_carmen_gonzalez_rodriguez,María del Carmen González Rodríguez,,
maria_del_carmen_gonzalez_lahidalga,María del Carmen González Lahidalga,,
maria_del_carmen_garcia_querol,María del Carmen García Querol,,
maria_del_carmen_fernandez_caballero,María del Carmen Fernández Caballero,1965-03-11,https://www.senado.es/web/composicionorganizacion/senadores/composicionsenado/fichasenador/index.html?lang=es_ES&id1=19052&legis=14&id2=g
maria_del_carmen_diaz_villanueva,María del Carmen Díaz Villanueva,,
maria_del_carmen_delgado_morais,María del Carmen Delgado Morais,,
maria_del_carmen_aragon_amunarriz,María del Carmen de Aragón Amunárriz,1958-06-21,https://fr.wikipedia.org/wiki/Carmen_de_Arag%C3%B3n
maria_del_carmen_cremades_grinan,María del Carmen Cremades Griñán,1950,https://esquelaslaverdad.com/2016/05/carmen-maria-cremades-grinan/
maria_del_carmen_calleja_pablo,María del Carmen Calleja de Pablo,1949,https://es.wikipedia.org/wiki/Carmen_Calleja
maria_del_carmen_arana_alvarez,María del Carmen Arana Álvarez,1963,https://nuevecuatrouno.com/2019/04/29/ocho-caras-nuevas-en-madrid/
maria_del_carmen_alcala_gonzalez,María del Carmen Alcalá González,,
maria_los_angeles_perez_montero,María de los Ángeles Pérez Montero,1955-03-05,https://prabook.com/web/maria_angeles.perez_montero/946657
maria_los_angeles_luna_morales,María de los Ángeles Luna Morales,1962-02-20,https://www.senado.es/web/composicionorganizacion/senadores/composicionsenado/fichasenador/index.html?legis=14&id1=18187
maria_las_mercedes_cantalapiedra_alvarez,María de las Mercedes Cantalapiedra Álvarez,1965-03-08,https://www.senado.es/web/composicionorganizacion/senadores/composicionsenado/fichasenador/index.html?id1=19056&legis=14&id2=g
maria_cruz_rodriguez_saldana,María Cruz Rodríguez Saldaña,,
maria_carme_solsona_pinol,María Carme Solsona Piñol,,
maria_blanca_gomez_serra,María Blanca Gómez Serra,,
maria_belen_fernandez_delgado_cerda,María Belén Fernández-Delgado Cerdá,,
maria_angeles_vazquez_perez,María Ángeles Vázquez Pérez,,
maria_angeles_oros_lorente,María Ángeles Orós Lorente,1989-05,https://cadenaser.com/aragon/la-senadora-mas-joven-de-espana-en-los-actos-del-dia-internacional-de-la-mujer-en-monzon-radio-huesca/
maria_angeles_martinez_blanco,María Ángeles Martínez Blanco,,
maria_angeles_lopez_martinez,María Ángeles López Martínez,,
maria_angeles_garcia_romero,María Ángeles García Romero,1968,https://nuevaalcarria.com/articulos/maria-angeles-garcia-portavoz-del-ayuntamiento-se-convierte-en-la-nueva-presidenta-del-pp-en-cuenca
maria_angeles_del_pilar_diaz_vieco,María Ángeles del Pilar Díaz Vieco,,
maria_angeles_bujanda_alegria,María Ángeles Bujanda Alegría,,
maria_angeles_ballesteros_belinchon,María Ángeles Ballesteros Belinchón,,
marcial_barba_gonzalez,Marcial Barba González,,
marcelino_artieda_garcia,Marcelino Artieda García,,
manuela_garcia_villamayor,Manuela García Villamayor,,
manuela_garcia_murias,Manuela García Murias,,
manuel_vilella_barrachina,Manuel Vilella Barrachina,,
manuel_tera_bueno,Manuel Tera Bueno,,
manuel_magallon_celma,Manuel Magallón Celma,,
manuel_goya_burgues,Manuel Goya Burgués,,
manuel_francisco_fernandez_zanca,Manuel Francisco Fernández Zanca,,
manuel_fombuena_escudero,Manuel Fombuena Escudero,,
manuel_fabregas_gine,Manuel Fábregas Giné,,
manuel_diaz_pines_munoz,Manuel Díaz-Pines Muñoz,,
manuel_costas_alonso,Manuel Costas Alonso,,
manuel_chamon_rubio,Manuel Chamón Rubio,,
manuel_caballero_munoz,Manuel Caballero Muñoz,,
manuel_burgos_cruzado,Manuel Burgos Cruzado,,
manuel_arjona_santana,Manuel Arjona Santana,1950,http://web.psoe.es/ambito/malagacentro/news/index.do?action=Print&id=187120
manuel_antonio_diaz_mantis,Manuel Antonio Díaz Mantis,,
manuel_alonso_losada,Manuel Alonso Losada,,
manuel_abejon_adamez,Manuel Abejón Adámez,1940,https://elpais.com/espana/2022-12-19/recuerdo-de-manuel-abejon.html
luz_elena_sanin_naranjo,Luz Elena Sanín Naranjo,,
luis_sacrest_villegas,Luis Sacrest Villegas,1946,https://ca.wikipedia.org/wiki/Llu%C3%ADs_Sacrest_i_Villegas
luis_rodriguez_san_leon,Luis Rodríguez San León,,
luis_ramon_benavides_cano,Luis Ramón Benavides Cano,1944-01-31,https://absys.dipujaen.es/digital/Libros/D-9.701.pdf
luis_pinero_fernandez,Luis Piñero Fernández,,
luis_pagan_saura,Luis Pagán Saura,1943-10-12,https://www.boe.es/boe/dias/1969/11/19/pdfs/A18040-18045.pdf
luis_olarra_ugartemendia,Luis Olarra Ugartemendia,1923-08-23,https://aunamendi.eusko-ikaskuntza.eus/es/olarra-ugartemendia-luis/ar-116455/
luis_lopez_condes,Luis López Condés,1925-02-20,https://www.latribunadeciudadreal.es/Noticia/zb6950395-d746-1512-b80498c9feaf322f/201905/Fallece-el-exalcalde-de-Almagro-Luis-Lopez-Condes
luis_jesus_uribe_etxebarria_apalategui,Luis Jesús Uribe-Etxebarria Apalategui,1965-06-25,https://www.senado.es/web/composicionorganizacion/senadores/composicionsenado/fichasenador/index.html?lang=es_ES&id1=18069&legis=14&id2=g
luis_hens_tienda,Luis Hens Tienda,1925,https://www.myheritage.es/names/luis_hens%20reyes#
luis_gonzalez_ruiz,Luis González Ruiz,1962-02-08,https://www.pp.es/luis-gonzalez-ruiz
luis_gonzaga_navarro_elola,Luis Gonzaga Navarro Elola,,
luis_garcia_forcada,Luis García Forcada,,
luis_francisco_merino_bayona,Luis Francisco Merino Bayona,1938-12-17,https://www.diariosur.es/semana-santa/luis-merino-recibira-20221214224217-nt.html
luis_fernando_bastarreche_gravalos,Luis Fernando Bastarreche Gravalos,,
luis_fernandez_fernandez_madrid,Luis Fernández Fernández-Madrid,1921-02-16,https://prabook.com/web/luis.fernandez_fernandez-madrid/943324
luis_estaun_garcia,Luis Estaún García,1968-12-02,https://www.partidoaragones.es/luis-estaun-garcia/
luis_casaseca_navas,Luis Casaseca Navas,,
luis_casalduero_campoy,Luis Casalduero Campoy,,
luis_carlos_canalejo_mateo,Luis Carlos Canalejo Mateo,,
luis_campoy_zueco,Luis Campoy Zueco,1938-12-31,https://ca.wikipedia.org/wiki/Luis_Campoy_Zueco
luis_aznar_fernandez,Luis Aznar Fernández,1954-05-15,https://www.pp.es/luis-aznar-fernandez
luis_ayllon_oliva,Luis Ayllón Oliva,,
luis_angel_fernandez_rodriguez,Luis Ángel Fernández Rodríguez,,
luis_alfonso_rey_las_heras,Luis Alfonso Rey de las Heras,1967-03-05,https://www.senado.es/web/composicionorganizacion/senadores/composicionsenado/fichasenador/index.html;jsessionid=FL0LhkJRvpm6H1JkQ7jjGrtpGGhYgpffWQQghJkgvRW8FVmGnMQ8!2094435598?id1=19565&legis=14
luis_alcala_gomez,Luis Alcalá Gómez,1930-01-10,https://ca.wikipedia.org/wiki/Luis_Alcal%C3%A1_G%C3%B3mez
luis_alberto_plaza_martin,Luis Alberto Plaza Martín,1968,https://www.elnortedecastilla.es/valladolid/201503/07/teniente-alcalde-avila-candidato-20150307101259.html
lucia_sebastiana_ruiz_saavedra,Lucía Sebastiana Ruiz Saavedra,,
lucia_delgado_garcia,Lucía Delgado García,,
lourdes_retuerto_rodriguez,Lourdes Retuerto Rodríguez,1971-09-11,https://www.psoe.es/senado/notas-de-prensa/lourdes-retuerto-adquiere-su-condicion-plena-de-senadora/
lorenzo_martin_retortillo_baquer,Lorenzo Martín-Retortillo Baquer,1936-01-25,https://humanidadesdigitales.uc3m.es/s/catedraticos/item/57771
lorenzo_cardona_segui,Lorenzo Cardona Seguí,1965,https://ca.wikipedia.org/wiki/Lloren%C3%A7_Cardona_Segu%C3%AD
lorena_gonzalez_dios,Lorena González Dios,1988-03-14,https://www.senado.es/web/composicionorganizacion/senadores/composicionsenado/fichasenador/index.html;jsessionid=1GWBgnKX3R9mSllNpcF62MfhVF9TPDT0DFZJncMrQ6VGpfNsK7hp!-747602160?id1=19466&legis=14
lluis_miquel_recoder_miralles,Lluís Miquel Recoder Miralles,1958-09-29,https://www.arallibres.cat/autor/lluis-recoder/
lluis_badia_chancho,Lluís Badia Chancho,1955-01-16,https://ca.wikipedia.org/wiki/Llu%C3%ADs_Badia_i_Chancho
lluis_alegre_selga,Lluis Alegre Selga,,
leopoldo_sepulveda_munoz,Leopoldo Sepúlveda Muñoz,1924,https://ceclmdigital.uclm.es/pdf.raw?query=id:0001810103&page=8&lang=es&view=prensa
laura_concepcion_prieto_arribas,Laura Concepción Prieto Arribas,,
laura_castel_fort,Laura Castel Fort,1970-05-08,https://ca.wikipedia.org/wiki/Laura_Castel_i_Fort
julio_victor_pascual_abad,Julio Víctor Pascual Abad,,
julio_garcia_moreno,Julio García Moreno,1957-10-09,https://transparencia.dguadalajara.es/consistorio/julio-garcia-moreno/
julio_garcia_benavides,Julio García Benavides,,
julio_cruz_hernandez,Julio Cruz Hernández,1961-06-02,https://www.parcan.es/composicion/diputado.py?ID_MIEMBRO=07030
julio_bassets_rutllant,Julio Bassets Rutllant,1945,https://www.lavanguardia.com/local/sevilla/20180315/441550803318/el-psoe-melilla-de-luto-por-la-muerte-de-su-ex-secretario-general-diputado-y-senador-julio-bassets.html
julio_barros_casal,Julio Barros Casal,,
julian_santiago_bujalance,Julián Santiago Bujalance,1946,https://cordobapedia.wikanda.es/wiki/Juli%C3%A1n_Santiago_Bujalance
julian_cordoba_huerta,Julián Córdoba Huerta,,
julian_aldudo_saez,Julián Aldudo Sáez,,
julia_maria_liberal_liberal,Julia María Liberal Liberal,,
juana_francisca_pons_vila,Juana Francisca Pons Vila,1964-04-22,https://www.pp.es/juana-francisca-pons-vila
juan_vazquez_alberich,Juan Vázquez Alberich,,
juan_tomas_esteo_palomo,Juan Tomás Esteo Palomo,1945-09-14,https://prabook.com/web/juan_tomas.esteo_palomo/943215
juan_seva_martinez,Juan Seva Martínez,1965-02-03,https://ca.wikipedia.org/wiki/Juan_Seva_Mart%C3%ADnez
juan_rios_garcia,Juan Ríos García,1927,http://webs.ucm.es/BUCM/med/archivo/ficha_medico.php?id_medico=2135
juan_ramon_represa_fernandez,Juan Ramón Represa Fernández,1951-11-06,https://www.pp.es/juan-ramon-represa-fernandez
juan_ramon_pajares_gutierrez,Juan Ramón Pajares Gutiérrez,,
juan_ramon_hernandez_espallargas,Juan Ramón Hernández Espallargas,,
juan_ramirez_montero,Juan Ramírez Montero,,
juan_quesada_lopez,Juan Quesada López,1917-02-11,https://galdaraldia.es/2017/03/fallece-el-hijo-predilecto-de-galdar-juan-quesada-lopez/
juan_pedro_hernandez_rodriguez,Juan Pedro Hernández Rodríguez,,
juan_pablo_sanchez_sanchez_seco,Juan Pablo Sánchez Sánchez-Seco,1957-06-11,http://www.guadalajaradiario.es/images/2015/11/currculum-sanchez.docx
juan_pablo_martin_martin,Juan Pablo Martín Martín,1977-12-23,https://www.pp.es/juan-pablo-martin-martin
juan_molina_cabrera,Juan Molina Cabrera,,
juan_miguel_rodriguez_rodriguez,Juan Miguel Rodríguez Rodríguez,,
juan_miguel_pena_linares,Juan Miguel Peña Linares,1964,https://elpais.com/diario/2004/03/29/andalucia/1080512539_850215.html
juan_miguel_asperilla_sanchez,Juan Miguel Asperilla Sánchez,,
juan_maria_vidarte_ugarte,Juan María Vidarte de Ugarte,1929,https://www.europapress.es/euskadi/noticia-jardin-colegio-abogacia-bizkaia-lleva-jueves-nombre-ex-decano-juan-maria-vidarte-20230112124400.html
juan_maria_vazquez_garcia,Juan María Vázquez García,1953-08-09,https://www.dip-badajoz.es/cultura/archivo/historico_diputados/consulta_ficha.php?id=766
juan_maria_cornejo_lopez,Juan María Cornejo López,1955-11-05,https://www.lavozdigital.es/cadiz/20101106/ciudadanos/hemos-superado-desencuentros-venian-20101106.html
juan_manuel_nadal_gaya,Juan Manuel Nadal Gaya,1920,https://dhac.iec.cat/dhac_mp.asp?id_personal=517
juan_manuel_cuadrado_abril,Juan Manuel Cuadrado Abril,,
juan_manuel_armario_vazquez,Juan Manuel Armario Vázquez,1959-03-06,https://sites.google.com/site/arcosvistoporjuanlu/su-gente/juan-manuel-armario-vazquez
juan_lopez_martos,Juan López Martos,1938-07-26,https://www.parlamentodeandalucia.es/opencms/export/portal-web-parlamento/contenidos/pdf/PublicacionesNOoficiales/Monografias/memoriaXXVaniversario.pdf
juan_jose_suarez_guillen,Juan José Suárez Guillén,,
juan_jose_sanz_vitorio,Juan José Sanz Vitorio,1960-06-12,https://www.senado.es/web/composicionorganizacion/senadores/composicionsenado/fichasenador/index.html?id1=18118&legis=14&id2=g
juan_jose_rubio_ruiz,Juan José Rubio Ruiz,1948-06-22,https://fr.wikipedia.org/wiki/Juan_Jos%C3%A9_Rubio_Ruiz
juan_jose_perez_dobon,Juan José Pérez Dobón,,
juan_jose_palacios_rojo,Juan José Palacios Rojo,,
juan_jose_otamendi_rodriguez_bethencourt,Juan José Otamendi Rodríguez-Bethencourt,1946,https://www.eldia.es/dominical/2021/01/17/pase-veranos-vida-vinas-rofe-29249713.html
juan_jose_leon_molina,Juan José León Molina,,https://www.clubdellector.com/autor/juan-jose-molina-leon
juan_jose_aspuru_ruiz,Juan José Aspuru Ruiz,1924,https://ca.wikipedia.org/wiki/Juan_Jos%C3%A9_Aspuru_Ruiz
juan_ignacio_uria_epelde,Juan Ignacio de Uría Epelde,1929-06-30,https://dbe.rah.es/biografias/136838/juan-ignacio-uria-epelde
juan_hernandez_lozano,Juan Hernández Lozano,,
juan_gonzalez_serrano,Juan González Serrano,1918,https://ceclmdigital.uclm.es/details.vm?o=&w=%22Juan+Gonz%C3%A1lez+Serrano%2C+nacido+en+Villatobas%22&f=&l=15&t=-creation&g=libros&g=graficos&g=folleots&g=bulletins&g=pages&c=1&lang=es&view=global&s=0
juan_francisco_serrano_pino,Juan Francisco Serrano Pino,1933,https://www.plasenciadirecto.com/sec_noticias/noticia.php?id_noticia=1469&ruta_web=%2Findex.php%3F
juan_francisco_martinez_aldama_saenz,Juan Francisco Martínez-Aldama Sáenz,1965-10-04,https://www.parlamento-larioja.org/conoce-el-parlamento/legislaturas-anteriores/legislatura-7/diputados/juan-francisco-martinez-aldama-saenz
juan_francisco_ibanez_haro,Juan Francisco Ibáñez Haro,,
juan_fageda_aubert,Juan Fageda Aubert,1937-01-20,https://joanfageda.com/curriculum
juan_esteller_granana,Juan Esteller Grañana,1948,https://ca.wikipedia.org/wiki/Joan_Esteller_Gra%C3%B1ana
juan_emilio_anton_rueda,Juan Emilio Antón Rueda,1947-04-06,http://www.cofradiadelsilencio.net/EL-HERMANO-JUAN-EMILIO-ANTON-RUEDA-REALIZARA-LA-OFRENDA-AL-STMO-CRISTO-EL-MIERCOLES-SANTO-DE-2019.html
juan_castano_casanueva,Juan Castaño Casanueva,,
juan_cascante_cabrerizo,Juan Cascante Cabrerizo,,
juan_carlos_perez_navas,Juan Carlos Pérez Navas,1965-02-18,https://fr.wikipedia.org/wiki/Juan_Carlos_P%C3%A9rez_Navas
juan_carlos_medina_martinez,Juan Carlos Medina Martínez,1968-05-20,https://www.senado.es/web/composicionorganizacion/senadores/composicionsenado/fichasenador/index.html?lang=es_ES&id1=18072&legis=14&id2=g
juan_carlos_jose_raffo_camarillo,Juan Carlos José Raffo Camarillo,1954-05-06,https://fr.wikipedia.org/wiki/Juan_Carlos_Raffo_Camarillo
juan_carlos_alvarez_cabrero,Juan Carlos Álvarez Cabrero,1964-08-08,https://www.pp.es/juan-carlos-alvarez-cabrero
juan_carlos_aguilar_moreno,Juan Carlos Aguilar Moreno,1933,https://www.sevillaactualidad.com/sevilla/132348-muere-juan-carlos-aguilar-uno-de-los-padres-del-estatuto-de-andalucia/
juan_bautista_rios_martinez,Juan Bautista Ríos Martínez,1924,https://ca.wikipedia.org/wiki/Juan_Bautista_R%C3%ADos_Mart%C3%ADnez
juan_antonio_noguera_torres,Juan Antonio Noguera Torres,,
juan_antonio_graino_amarelle,Juan Antonio Graiño Amarelle,1921-06-14,https://gl.wikipedia.org/wiki/Juan_Antonio_Gra%C3%AD%C3%B1o_Amarelle
juan_antonio_gilabert_sanchez,Juan Antonio Gilabert Sánchez,1958-09-16,https://www.senado.es/web/composicionorganizacion/senadores/composicionsenado/fichasenador/index.html?id1=18291&legis=14&id2=g
juan_antonio_gil_melgarejo,Juan Antonio Gil Melgarejo,,
juan_antonio_garcia_talavera_casanas,Juan Antonio García-Talavera Casañas,,
juan_antonio_luna_aguado,Juan Antonio de Luna Aguado,,
juan_antonio_las_heras_muela,Juan Antonio de las Heras Muela,1957-02-05,https://www.pp.es/juan-antonio-las-heras-muela
juan_andres_tovar_mena,Juan Andrés Tovar Mena,1955-08-12,https://www.cetarsa.es/portal-de-la-transparencia/org_transparencia/perfil-y-trayectoria-profesional/
juan_alfonso_perez,Juan Alfonso Pérez,,
josep_varela_serra,Josep Varela Serra,1943-12-29,https://ca.wikipedia.org/wiki/Josep_Varela_i_Serra
josep_subirats_pinana,Josep Subirats Piñana,1920-04-28,https://es.wikipedia.org/wiki/Jos%C3%A9_Subirats_Pi%C3%B1ana
josep_rufa_gracia,Josep Rufà Gràcia,1970-05-08,https://www.senado.es/web/composicionorganizacion/senadores/composicionsenado/fichasenador/index.html?legis=14&id1=17107
josep_rahola_espona,Josep Rahola D'Espona,1918-07-03,https://www.horanova.cat/josep-rahola-un-segle-de-fidelitat-a-catalunya/
josep_maria_reniu_vilamala,Josep María Reniu Vilamala,1969-03-08,https://www.senado.es/web/composicionorganizacion/senadores/composicionsenado/fichasenador/index.html;jsessionid=GjH4gt6QXnhjQLyLJq9lSLktvJ8FpqzgvMs7p6mMRPVFtPymhvKm!393922884?id1=19486&legis=14
josep_maria_muste_folch,Josep María Musté Folch,1933,https://ca.wikipedia.org/wiki/Josep_Maria_Must%C3%A9_i_Folch
josep_maria_matamala_alsina,Josep María Matamala Alsina,1957-08-15,https://www.senado.es/web/composicionorganizacion/senadores/composicionsenado/fichasenador/index.html?legis=14&id1=18166
josep_maria_esquerda_segues,Josep María Esquerda Segués,1946-06-07,https://ca.wikipedia.org/wiki/Josep_Maria_Esquerda_i_Segu%C3%A9s
josep_maria_cervera_pinart,Josep María Cervera Pinart,1968-10-22,https://www.senado.es/web/composicionorganizacion/senadores/composicionsenado/fichasenador/index.html?legis=14&id1=19055
josep_maria_batlle_farran,Josep María Batlle Farrán,1949-10-13,https://en.wikipedia.org/wiki/Josep_Maria_Batlle_i_Farran
josep_lluis_cleries_gonzalez,Josep Lluís Cleries Gonzàlez,1956-05-13,https://www.senado.es/web/composicionorganizacion/senadores/composicionsenado/fichasenador/index.html?lang=ca_ES&id1=15825&legis=14&id2=g
josep_benet_morell,Josep Benet Morell,1920-04-14,https://en.wikipedia.org/wiki/Josep_Benet_i_Morell
josep_ball_armengol,Josep Ball Armengol,1920-08-11,https://ca.wikipedia.org/wiki/Josep_Ball_i_Armengol
josep_armengol_carrera,Josep Armengol Carrera,1947,https://core.ac.uk/download/pdf/70290446.pdf
josefina_antonia_bueno_alonso,Josefina Antonia Bueno Alonso,1966-10-14,https://es.wikipedia.org/wiki/Josefina_Bueno
josefa_moreno_docon,Josefa Moreno Docón,1963-07-25,https://www.lacerca.com/noticias/albacete/josefa-moreno-docon-alcaldesa-lietor-adquiere-plena-senadora-267132-1.html
josefa_babiano_lopez,Josefa Babiano López,,
josefa_aledo_martinez,Josefa Aledo Martínez,,
joseba_andoni_aurrekoetxea_bergara,Joseba Andoni Aurrekoetxea Bergara,1960-06-13,https://www.eaj-pnv.eus/es/burukide/447/joseba-aurrekoetxea/
jose_zaforteza_calvet,José Zaforteza Calvet,1927,https://www.diariodemallorca.es/cultura/2017/05/22/pep-gonella-quita-mascara-3406177.html
jose_vicente_aguilar_borras,José Vicente Aguilar Borrás,1954,https://ca.wikipedia.org/wiki/Jos%C3%A9_Vicente_Aguilar_Borr%C3%A1s
jose_salvador_sierra_garcia,José Salvador Sierra García,1988,http://www.burgos.psoecyl.org/comision_int.php?per=440
jose_ramon_perez_sanchez,José Ramón Pérez Sánchez,,
jose_ramon_fernandez_ibanez,José Ramón Fernández Ibáñez,,
jose_parraga_mendoza,José Párraga Mendoza,,
jose_nasarre_letosa_conde,José Nasarre de Letosa Conde,,
jose_montalvo_garrido,José Montalvo Garrido,,
jose_martinez_guijarro,José Martínez Guijarro,1968-06-16,https://www.castillalamancha.es/gobierno/vicepresidencia/titular
jose_mariano_gonzalez_tarrio_gallego,José Mariano González-Tarrio Gallego,,
jose_maria_sanjuan_borda,José María Sanjuán Borda,,
jose_maria_rioboo_almanzor,José María Rioboo Almanzor,1948-11-13,https://www.elcorreogallego.es/hemeroteca/hoy-cumplen-anos-OECG776392
jose_maria_pernas_martinez,José María Pernas Martínez,,
jose_maria_pascual_fernandez_layos,José María Pascual Fernández-Layos,1942,https://esquelasenprensa.com/2015/01/jose-maria-pascual-fernandez-layos/
jose_maria_martinez_haro,José María Martínez de Haro,1943,https://almeria.fape.es/el-exdirector-de-la-voz-de-almeria-jose-maria-martinez-de-haro-presento-lagrimas-de-sal/
jose_maria_lafuente_lopez,José María Lafuente López,1921-05-18,https://www.ultimahora.es/noticias/local/2010/07/31/16556/fallece-en-palma-el-ex-senador-y-abogado-jose-maria-lafuente.html
jose_maria_herrero_gonzalez,José María Herrero González,1943,https://elpais.com/diario/2001/07/31/agenda/996530403_850215.html
jose_maria_fuster_muniesa,José María Fuster Muniesa,1960,https://www.aragon.es/-/jose-maria-fuster-muniesa
jose_maria_esponera_pascual,José María Esponera Pascual,,
jose_maria_chaves_gomez_orihuela,José María Chaves Gómez-Orihuela,,
jose_maria_cazalis_eiguren,José María Cazalis Eiguren,1961-07-23,https://fr.wikipedia.org/wiki/Jos%C3%A9_Mar%C3%ADa_Cazalis_Eiguren
jose_maria_batlles_paniagua,José María Batlles Paniagua,,
jose_maria_barcina_magro,José María Barcina Magro,,
jose_maria_barahona_hortelano,José María Barahona Hortelano,1945,https://elpais.com/diario/2005/05/14/madrid/1116069867_850215.html
jose_maria_alvarez_pereira,José María Álvarez Pereira,,
jose_maria_alonso_vega_suarez,José María Alonso-Vega Suárez,1931-03-10,https://www.biografiasasturias.es/ficha/i/43645101/alonso-vega-suarez-jose-maria
jose_manuel_torres_rollon,José Manuel Torres Rollón,1927,https://www.lavozdealmeria.com/noticia/4/sociedad/242167/un-4-de-agosto-de-1926-nacio-en-chirivel-el-poeta-julio-alfredo-egea
jose_manuel_tofino_perez,José Manuel Tofiño Pérez,1953-10-04,https://ahoraclm.com/2019/06/09/la-figura-politica-de-los-presidentes-democraticos-de-la-diputacion-de-toledo/
jose_manuel_ruiz_rivero,José Manuel Ruiz Rivero,1970-02-26,http://www.calvia.com/responsive/general.plt?KPAGINA=2463&KIDIOMA=2&KNODE=658
jose_manuel_martiarena_lizarazu,José Manuel Martiarena Lizarazu,1946-05-19,https://eu.wikipedia.org/wiki/Jos%C3%A9_Manuel_Martiarena
jose_manuel_marmol_servian,José Manuel Mármol Servián,1987-08-11,https://fr.wikipedia.org/wiki/Jos%C3%A9_Manuel_M%C3%A1rmol_Servi%C3%A1n
jose_manuel_marin_gascon,José Manuel Marín Gascón,1960-02-20,https://www.senado.es/web/composicionorganizacion/senadores/composicionsenado/fichasenador/index.html?id1=19105&legis=14
jose_manuel_macarro_vera,José Manuel Macarro Vera,,
jose_manuel_hernando_garcia,José Manuel Hernando García,1970-08-25,https://www.senado.es/web/ficopendataservlet;jsessionid=QzfPjXpZMtJzny9gLsChHkplRRmDq6k65hYq27c4xgCT6GxlTQ26!-857263970?tipoFich=1&cod=19705&legis=14
jose_manuel_gomez_angulo_giner,José Manuel Gómez-Angulo Giner,,
jose_manuel_garcia_verdugo_candon,José Manuel García-Verdugo Candón,1936,https://www.diariodeburgos.es/Noticia/z925cf852-d5a5-e1c3-0014cebbc38b0a1e/201702/Testigo-de-la-historia
jose_manuel_garcia_ballestero,José Manuel García Ballestero,1971-05-27,https://www.coria.org/a2012/a1.asp
jose_manuel_fernandez_norniella,José Manuel Fernández Norniella,1945-10-09,https://es-academic.com/dic.nsf/eswiki/649600
jose_manuel_castedo_villar,José Manuel Castedo Villar,1947-08-13,https://prabook.com/web/jose_manuel.castedo_villar/942258
jose_manuel_caballero_serrano,José Manuel Caballero Serrano,1970-06-06,https://www.dipucr.es/index.php/curriculum-presidente
jose_manuel_bolanos_viso,José Manuel Bolaños Viso,1981-02-18,https://www.xwhos.com/date_of_birth/1981-02-18.html
jose_manuel_barrios_dorta,José Manuel Barrios Dorta,1926-06-06,https://www.guiadeisora.org/corp/20981-2/
jose_manuel_aranda_lassa,José Manuel Aranda Lassa,1957-12-30,https://www.senado.es/web/composicionorganizacion/senadores/composicionsenado/fichasenador/index.html?id1=19046&legis=14&id2=g
jose_manuel_acuna_bravo,José Manuel Acuña Bravo,1968,https://www.elmundo.es/suplementos/cronica/2006/563/1155420009.html
jose_maiso_gonzalez,José Maiso González,,
jose_macias_santana,José Macías Santana,1925-07-06,"https://www.parcan.es/composicion/diputado.py?ID_MIEMBRO=05032#:~:text=Nacido%20el%206%20de%20julio,Funcionario."
jose_luis_sanz_ruiz,José Luis Sanz Ruiz,1968-09-21,https://www.pp.es/jose-luis-sanz-ruiz
jose_luis_sanchez_usero,José Luis Sánchez Usero,,
jose_luis_sanchez_torres,José Luis Sánchez Torres,,
jose_luis_sanchez_saez,José Luis Sánchez Saez,,
jose_luis_sagredo_miguel,José Luis Sagredo de Miguel,1931,https://habilitados-nacionales.com/personajes/sagredo-miguel-jose-luis/
jose_luis_ros_maorad,José Luis Ros Maorad,,
jose_luis_poza_quintas,José Luis Poza Quintas,1947,https://blog.octaviordelgado.es/wp-content/uploads/2022/06/Articulo-EFEMERIDES-GUIMARERAS-2022-1.pdf
jose_luis_pinal_ruiz_huidobro,José Luis Piñal Ruiz de Huidobro,1930,https://centroeu.com/garabandal/w/index.php?title=Pi%C3%B1al
jose_luis_nunez_casal,José Luis Núñez Casal,1940-09-18,https://1mayo.ccoo.es/f668318f303332d6843c360b720850ef000001.pdf
jose_luis_moreno_perez_caballero,José Luis Moreno Pérez-Caballero,,
jose_luis_martinez_blasco,José Luis Martínez Blasco,,
jose_luis_lapetra_fernandez,José Luis Lapetra Fernández,,
jose_luis_landero_mateos,José Luis Landero Mateos,,
jose_luis_iriarte_errazti,José Luis Iriarte Errazti,1937,https://ca.wikipedia.org/wiki/Jos%C3%A9_Luis_Iriarte_Errazti
jose_luis_gonzalez_mola,José Luis González la Mola,1954-07-28,https://www.senado.es/web/composicionorganizacion/senadores/composicionsenado/fichasenador/index.html?id1=19089&legis=14&id2=g
jose_luis_garcia_palacios,José Luis García Palacios,1936,https://sevilla.abc.es/economia/sevi-jose-luis-garcia-palacios-sera-enterrado-jueves-huelva-201811281352_noticia.html#:~:text=Jos%C3%A9%20Luis%20Garc%C3%ADa%20Palacios%20naci%C3%B3%20en%20Huelva%20en%20marzo%20de%201936.
jose_luis_estrada_sanchez,José Luis Estrada Sánchez,,
jose_luis_escutia_dotti,José Luis Escutia Dotti,1967,https://www.caritasbarbastromonzon.es/wp-content/uploads/2013/03/Agape39.pdf
jose_luis_villar_ceron,José Luis de Villar Cerón,1929,https://andaluciainformacion.es/campo-de-gibraltar/308045/el-linense-jose-luis-villar-ceron-medalla-de-oro-de-la-ciudad-de-madrid/
jose_luis_los_mozos_los_mozos,José Luis de los Mozos de los Mozos,1924-09-02,https://es.wikipedia.org/wiki/Jos%C3%A9_Luis_de_los_Mozos
jose_luis_arce_martinez,José Luis de Arce Martínez,,
jose_luis_alonso_almodovar,José Luis Alonso Almodóvar,1936-08-02,https://dialnet.unirioja.es/descarga/articulo/2486397.pdf
jose_luis_aguilera_bermudez,José Luis Aguilera Bermúdez,1938-02-06,https://books.google.es/books?id=KXz6CAAAQBAJ&pg=PA76&lpg=PA76&dq=Jos%C3%A9+Luis+%22Aguilera+Berm%C3%BAdez%22+senado&source=bl&ots=n0RVf6cicc&sig=ACfU3U1stcC1Le-766drkDJ2WkD54LAPzg&hl=en&sa=X&ved=2ahUKEwi0-cHUwNz9AhXIh_0HHc7jDjY4FBDoAXoECBMQAw
jose_lopez_pacios,José López Pacios,,
jose_latorre_ruiz,José Latorre Ruiz,1987-03-22,https://www.senado.es/web/composicionorganizacion/senadores/composicionsenado/fichasenador/index.html?id1=18190&legis=14&id2=g
jose_javier_perez_olivares_perez,José Javier Pérez-Olivares Pérez,1946-02-17,https://www.coaatietoledo.org/wp-content/uploads/historico/2016/Boletin172Septiembre2016_Almojaya.pdf?_t=1529913899%5C
jose_isidoro_ruiz_ruiz,José Isidoro Ruiz Ruiz,,
jose_ignacio_sanchez_sanchez,José Ignacio Sánchez Sánchez,1960-05-15,https://es.wikipedia.org/wiki/Ignacio_S%C3%A1nchez_Amor
jose_ignacio_lopez_borderias,José Ignacio López Borderías,,
jose_ignacio_liceaga_sagarzazu,José Ignacio Liceaga Sagarzazu,1959,https://ca.wikipedia.org/wiki/Jos%C3%A9_Ignacio_Liceaga_Sagarzazu
jose_ignacio_fuentes_lopez,José Ignacio Fuentes López,,
jose_ignacio_bajo_fanlo,José Ignacio Bajo Fanlo,1927,https://ca.wikipedia.org/wiki/Ram%C3%B3n_Bajo_Fanlo
jose_francisco_bahamonde_salazar,José Francisco Bahamonde Salazar,,
jose_higueras_munoz,José Higueras Muñoz,,
jose_herrero_arcas,José Herrero Arcas,1937-09-27,https://www.latribunadealbacete.es/noticia/zb85a3cda-b95f-e09b-d3311845a255afa2/201601/jose-herreros-en-el-golpe-de-tejero-hicimos-un-escrito-decisivo
jose_gutierrez_ruiz,José Gutiérrez Ruiz,,
jose_gonzalez_delgado,José González Delgado,1928-11-11,https://sevillabuenasnoticias.com/un-sevillano-ejemplar-que-siempre-empezaba-tarde-pero-llegaba-a-tiempo-cumple-90-anos/
jose_garcia_laguna,José García Laguna,,
jose_francisco_armas_perez,José Francisco Armas Pérez,1954-10-03,"https://www.parcan.es/composicion/diputado.py?ID_MIEMBRO=05004#:~:text=Nacido%20el%203%20de%20octubre,la%20I%20y%20III%20Legislaturas."
jose_ferrandez_otano,José Ferrández Otaño,1960,https://www.elnortedecastilla.es/20090825/valladolid/empresas-cristobal-eligen-gerente-20090825.html
jose_fernandez_aleman,José Fernández Alemán,,
jose_fermin_roman_clemente,José Fermín Román Clemente,,
jose_ernesto_luis_gonzalez_afonso,José Ernesto Luis González Afonso,1932,https://www.eldia.es/palma/2011-08-30/5-Fallece-Jose-Luis-Gonzalez-Afonso-segundo-presidente-democratico-Cabildo.htm
jose_enrique_sanchez_nunez,José Enrique Sánchez Núñez,1976-08-26,https://www.senado.es/web/composicionorganizacion/senadores/composicionsenado/fichasenador/index.html?id1=19085&legis=14&id2=g
jose_enrique_martinez_del_rio,José Enrique Martínez del Río,,
jose_enrique_borrallo_romero,José Enrique Borrallo Romero,1979-02-21,https://www.pp.es/jose-enrique-borrallo-romero
jose_del_valle_torreno,José del Valle Torreño,,
jose_gregorio_torres,José de Gregorio Torres,,
jose_cuenca_rico,José Cuenca Rico,,
jose_cremades_mellado,José Cremades Mellado,1935,https://ca.wikipedia.org/wiki/Jos%C3%A9_Cremades_Mellado
jose_correas_parralejo,José Correas Parralejo,,
jose_carlos_monsalve_rodriguez,José Carlos Monsalve Rodríguez,1948-06-09,https://www.dipsegovia.es/pruebas-nueva/-/asset_publisher/H7x1RM5rfuCP/content/id/531282
jose_calderon_llamas,José Calderón Llamas,,
jose_cabrero_palomares,José Cabrero Palomares,1956,https://elpais.com/diario/2004/02/07/andalucia/1076109733_850215.html
jose_bautista_torre,José Bautista de la Torre,1915,https://jiennensesilustres.blogspot.com/2020/08/jose-bautista-de-la-torre.html
jose_batlles_paniagua,José Batlles Paniagua,,
jose_aurelio_aguilar_roman,José Aurelio Aguilar Román,1964-12-09,https://www.senado.es/web/composicionorganizacion/senadores/composicionsenado/fichasenador/index.html?legis=14&id1=18217
jose_arturo_corte_mier,José Arturo Corte Mier,1922,https://elpais.com/diario/2003/10/28/agenda/1067295608_850215.html
jose_arnau_figuerola,José Arnau Figuerola,1942-08-25,https://es.wikipedia.org/wiki/Josep_Arnau_i_Figuerola
jose_antonio_vazquez_calvino,José Antonio Vázquez Calviño,,
jose_antonio_valbuena_alonso,José Antonio Valbuena Alonso,1973-01-18,https://elcuadernodevalbuena.blogspot.com/
jose_antonio_trillo_lopez_mancisidor,José Antonio Trillo López-Mancisidor,,
jose_antonio_sarazibar_sautua,José Antonio Sarazibar Sautua,1941-06-13,https://fpabloiglesias.es/entrada-db/saracibar-sautua-jose-antonio/
jose_antonio_sacristan_rodriguez,José Antonio Sacristán Rodríguez,,
jose_antonio_rubio_mielgo,José Antonio Rubio Mielgo,1957-04-13,https://www.pp.es/jose-antonio-rubio-mielgo
jose_antonio_robles_rodriguez,José Antonio Robles Rodríguez,1971,https://www.ideal.es/granada/provincia-granada/plantear-plan-caminos-20180219233039-ntvo.html
jose_antonio_perez_gallego,José Antonio Pérez Gallego,,
jose_antonio_iborra_cilleros,José Antonio Iborra Cilleros,1915,https://ca.wikipedia.org/wiki/Jos%C3%A9_Antonio_Iborra_Cilleros
jose_antonio_guerrero_guerrero,José Antonio Guerrero Guerrero,1944,https://www.caravacaaldia.com/index.php?option=com_content&task=view&id=75641&Itemid=181
jose_antonio_gonzalez_monterroso,José Antonio González Monterroso,1940,https://ca.wikipedia.org/wiki/Jos%C3%A9_Antonio_Gonz%C3%A1lez_Monterroso
jose_antonio_miguel_nieto,José Antonio de Miguel Nieto,1959-11-12,https://www.dipsoria.es/sites/dipsoria/files/public/directorio/fichas_diputado_jose_antonio_de_miguel.pdf
jose_antonio_burriel_alloza,José Antonio Burriel Alloza,,
jose_antonio_bermudez_alonso,José Antonio Bermúdez Alonso,1960,https://elpais.com/diario/1997/09/05/espana/873410416_850215.html
jose_antonio_beltran_miralles,José Antonio Beltrán Miralles,1948,https://ca.wikipedia.org/wiki/Jos%C3%A9_Antonio_Beltr%C3%A1n_Miralles
jose_antonio_baixeras_sastre,José Antonio Baixeras Sastre,1927-04-20,https://ca.wikipedia.org/wiki/Josep_Antoni_Baixeras_i_Sastre
jose_antonio_amate_rodriguez,José Antonio Amate Rodríguez,1946-09-07,https://prabook.com/web/jose_antonio.amate_rodriguez/941137
jose_antonio_alonso_garcia,José Antonio Alonso García,1951-01-02,https://fpabloiglesias.es/entrada-db/43716_alonso-garcia-jose-antonio/
jose_antonio_albaladejo_lucas,José Antonio Albaladejo Lucas,,
jose_antonio_abad_lopez_brea,José Antonio Abad López-Brea,1939,https://www.laopiniondezamora.es/zamora/2019/07/01/muere-jose-antonio-abad-senador-1250361.html
jose_angel_rodriguez_prieto,José Ángel Rodríguez Prieto,1976-10-09,https://www.pp.es/jose-angel-rodriguez-prieto
jose_angel_azuara_carod,José Ángel Azuara Carod,,
jose_alonso_perez,José Alonso Pérez,1920-08-02,https://fpabloiglesias.es/entrada-db/alonso-perez-jose/
jose_alfredo_ferrer_gutierrez,José Alfredo Ferrer Gutiérrez,1931-08-16,https://prabook.com/web/jose_alfredo.ferrer_gutierrez/943355
jose_alfonso_albert_sanjose,José Alfonso Albert Sanjosé,1920,https://ca.wikipedia.org/wiki/Jos%C3%A9_Alfonso_Albert_Sanjos%C3%A9
jose_alberto_perez_cueto,José Alberto Pérez Cueto,,
jose_alarcon_molina,José Alarcón Molina,,
jorge_juan_mataix_hidalgo,Jorge Juan Mataix Hidalgo,,
jorge_domingo_martinez_antolin,Jorge Domingo Martínez Antolín,1972-04-06,https://www.senado.es/web/ficopendataservlet?tipoFich=1&cod=18102&legis=13
jorge_alberto_rodriguez_perez,Jorge Alberto Rodríguez Pérez,1955-04-23,https://www.parcan.es/composicion/diputado.py?ID_MIEMBRO=06048
jordi_vila_foruny,Jordi Vila Foruny,1933-04-01,https://ca.wikipedia.org/wiki/Jordi_Vila_i_Foruny
jordi_navarrete_pla,Jordi Navarrete Pla,1972-12-06,https://ca.wikipedia.org/wiki/Jordi_Navarrete_Pla
jordi_marti_deulofeu,Jordi Martí Deulofeu,1977-06-22,https://ca.wikipedia.org/wiki/Jordi_Mart%C3%AD_i_Deulofeu
jordi_escoda_vila,Jordi Escoda Vila,1935-01-14,https://www.duhoctrungquoc.vn/wiki/ca/Jordi_Escoda_i_Vila
joaquin_vicente_egea_serrano,Joaquín Vicente Egea Serrano,1978-05-28,https://www.senado.es/web/composicionorganizacion/senadores/composicionsenado/fichasenador/index.html?id1=19025&legis=14
joaquin_ribas_reyna,Joaquín Ribas de la Reyna,1932,https://ca.wikipedia.org/wiki/Joaqu%C3%ADn_Ribas_de_la_Reyna
joaquin_noe_serrano,Joaquín Noé Serrano,1968-03-02,http://web.psoe.es/teruel/news/883665/page/joaquin-noe-adquiere-condicion-plena-senador-.html
joaquin_martin_hernandez,Joaquín Martín Hernández,,
joaquin_lopez_pagan,Joaquín López Pagán,1976-03-04,https://novena.asambleamurcia.es/diputado/45/joaquin-lopez-pagan
joaquin_iniguez_molina,Joaquín Iñiguez Molina,,
joaquin_hurtado_simon,Joaquín Hurtado Simón,1933,https://www.hoy.es/extremadura/extremenos-constitucion-20181202123534-nt.html
joaquin_fayos_diaz,Joaquín Fayos Díaz,1944-02-07,https://www.diariocordoba.com/cordoba-ciudad/2022/06/01/fallece-78-anos-abogado-cordobes-66797428.html
joaquin_farnos_gauchia,Joaquín Farnós Gauchía,1935-03-23,https://www.elmundo.es/comunidad-valenciana/castellon/2021/05/31/60b48d6efc6c83ef2f8b4598.html
joaquin_bascunana_garcia,Joaquín Bascuñana García,1951-08-23,http://www.exmaristasguardamar.org.es/personas%20ilustres.html
joaquin_antonio_bellon_martinez,Joaquín Antonio Bellón Martínez,1948,https://ca.wikipedia.org/wiki/Joaqu%C3%ADn_Antonio_Bell%C3%B3n_Mart%C3%ADnez
joaquim_vidal_perpina,Joaquim Vidal Perpiñá,1947,https://elmon.cat/vida/el-punt-avui-es-un-diari-nacional-i-aixo-no-canviara-quot-86314/
joaquim_ayats_bartrina,Joaquim Ayats Bartrina,1980-05-10,https://www.girona.cat/sgdap/cat/govern_regidor_fitxa.php?id=5
joan_sabate_borras,Joan Sabaté Borràs,1957-10-08,https://ca.wikipedia.org/wiki/Joan_Sabat%C3%A9_i_Borr%C3%A0s
joan_prats_catala,Joan Prats Catalá,1942-11-09,https://fpabloiglesias.es/entrada-db/15599_prats-catala-juan-bautista/
joan_josep_marti_ferre,Joan Josep Martí Ferré,1942-09-10,https://ca.wikipedia.org/wiki/Joan_Josep_Mart%C3%AD_i_Ferr%C3%A9
joan_ganyet_sole,Joan Ganyet Solé,1946-10-21,https://ca.wikipedia.org/wiki/Joan_Ganyet_i_Sol%C3%A9
joan_comorera_estarellas,Joan Comorera Estarellas,1972-05-06,https://ca.wikipedia.org/wiki/Joan_Comorera_i_Estarellas
joan_codina_torres,Joan Codina Torres,1927-05-17,https://ca.wikipedia.org/wiki/Joan_Codina_i_Torres
joan_bague_roura,Joan Bagué Roura,1964-12-18,https://www.girona.cat/sgdap/cat/govern_regidor_fitxa.php?id=6
joan_antoni_turell_cabrinety,Joan Antoni Turell Cabrinety,,
jesus_vicente_mingo_benitez,Jesús Vicente Mingo Benítez,,
jesus_terciado_serna,Jesús Terciado Serna,,
jesus_ruiz_fernandez,Jesús Ruiz Fernández,1949,https://andaluciainformacion.es/arcos/43554/me-queda-el-orgullo-de-haber-abanderado-el-cambio-politico/
jesus_roque_martinez_pujalte_lopez,Jesús Roque Martínez-Pujalte López,,
jesus_romero_fernandez,Jesús Romero Fernández,,
jesus_perez_lopez,Jesús Pérez López,1956,https://www.cyltv.es/Noticia/09A31F6C-045F-EA38-D928DD15769A75C8/Testimonios-del-23-F-Podria-haber-sido-una-masacre
jesus_muguruza_guarrochena,Jesús Muguruza Guarrochena,1958,https://es.wikipedia.org/wiki/Josu_Muguruza
jesus_morlote_portilla,Jesús Morlote Portilla,,
jesus_morales_morales,Jesús Morales Morales,,
jesus_martin_rodriguez,Jesús Martín Rodríguez,1959-11-15,https://sedeelectronica.valdepenas.es/VLDSedeWeb/Modulos/VLDAyuntamiento.nsf/vCorporacion/A680D8EFC01BAA04C1256F6D0038D2E1/$FILE/Curriculum_Jes%C3%BAsMart%C3%ADn.pdf?OpenElement
jesus_maria_ruiz_ayucar_alonso,Jesús María Ruiz-Ayúcar Alonso,1939-01-02,https://es.wikipedia.org/wiki/Jes%C3%BAs_Mar%C3%ADa_Ruiz-Ay%C3%BAcar
jesus_maria_laguna_pena,Jesús María Laguna Peña,1940,https://www.noticiasdenavarra.com/sociedad/2012/10/22/fallece-72-anos-jesus-laguna-3186273.html
jesus_maria_elio_oficialdegui,Jesús María Elio Oficialdegui,1942-06-17,https://digital.march.es/fedora/objects/linz:R-25290/datastreams/OBJ/content
jesus_manueco_alonso,Jesús Mañueco Alonso,,
jesus_manuel_alonso_jimenez,Jesús Manuel Alonso Jiménez,1966-03-13,https://www.senado.es/web/composicionorganizacion/senadores/composicionsenado/fichasenador/index.html?legis=14&id1=17356
jesus_labrador_encinas,Jesús Labrador Encinas,1963-12-17,http://www.ppclm.es/jesus-labrador-encinas
jesus_jose_gomez_rodriguez,Jesús José Gómez Rodríguez,1927-01-09,https://www.laprovincia.es/gran-canaria/2016/11/27/jesus-gomez-hombre-defendio-palmera-9810883.html
jesus_javier_perez_sanchez,Jesús Javier Pérez Sánchez,1964,http://jesusperezabogado.es/
jesus_javier_lucia_marugan,Jesús Javier Lucía Marugán,,
jesus_gonzalez_marquez,Jesús González Márquez,1975-05-19,https://www.senado.es/web/ficopendataservlet;jsessionid=LGz1jpMFgJLp4yStb4LSNgGN5rvpzcLygx7MZL9zvR4KdQGXDtWf!158618062?tipoFich=1&cod=18293&legis=14
jesus_garrido_rodriguez,Jesús Garrido Rodríguez,,
jesus_fernandez_lopez,Jesús Fernández López,,
jesus_estringana_minguez,Jesús Estringana Mínguez,1939-11-24,https://books.google.es/books?id=KXz6CAAAQBAJ&pg=PA245&lpg=PA245&dq=Jes%C3%BAs+%22Estringana+M%C3%ADnguez%22&source=bl&ots=n0RW7ccj7g&sig=ACfU3U0EhN-LCVNDULqDXr8OTTSUZSLhIw&hl=en&sa=X&ved=2ahUKEwjvm8a3ieT9AhW7cvEDHWp_Dw04KBDoAXoECBEQAw
jesus_diaz_fernandez,Jesús Díaz Fernández,,
jesus_fuente_sampron,Jesús de la Fuente Samprón,,
jesus_cueto_sesmero,Jesús Cueto Sesmero,1930,https://esquelas.elnortedecastilla.es/necrologicas/don-jesus-cueto-sesmero-361048.html
jesus_caro_adanero,Jesús Caro Adanero,1959-10-15,http://www.diputacionavila.eu/diputacion/corporacion.php
jesus_barderas_reviejo,Jesús Barderas Reviejo,,
jesus_angel_quero_molina,Jesús Ángel Quero Molina,,
jeronimo_andreu_andreu,Jerónimo Andreu Andreu,,
javier_sanchez_simon_munoz,Javier Sánchez-Simón Muñoz,,
javier_sanchez_lazaro_carrasco,Javier Sánchez Lázaro-Carrasco,,
javier_camara_eguinoa,Javier Cámara Eguinoa,,
jaume_bosch_mestres,Jaume Bosch Mestres,,
jaime_sicilia_hernandez,Jaime Sicilia Hernández,,
jaime_jimenez_saiz,Jaime Jiménez Saiz,,
jaime_carvajal_urquijo,Jaime Carvajal Urquijo,,
jaime_barnola_serra,Jaime Barnola Serra,,
isidro_guia_mateo,Isidro Guía Mateo,,
isidoro_torres_cardona,Isidoro Torres Cardona,,
isidoro_sanchez_garcia,Isidoro Sánchez García,,
isabel_hernandez_rozas,Isabel Hernández Rozas,,
isabel_alberdi_alonso,Isabel Alberdi Alonso,,
inaki_goioaga_llano,Iñaki Goioaga Llano,,
inaki_aguirre_baranano,Iñaki Aguirre Barañano,,
inocencio_martinez_sanchez,Inocencio Martínez Sánchez,,
inmaculada_lorono_ormaechea,Inmaculada Loroño Ormaechea,,
ines_maria_plaza_garcia,Inés María Plaza García,,
imanol_landa_jauregui,Imanol Landa Jáuregui,,
ildefonsa_salgado_santos,Ildefonsa Salgado Santos,,
ignacio_oregui_goenaga,Ignacio Oregui Goenaga,,
ignacio_javier_ariznavarreta_esteban,Ignacio Javier Ariznavarreta Esteban,,
ignacio_gaminde_alix,Ignacio Gaminde Alix,,
ignacio_bernal_lumbreras,Ignacio Bernal Lumbreras,,
idurre_bideguren_gabantxo,Idurre Bideguren Gabantxo,,
horacio_felix_fernandez_martin,Horacio Félix Fernández Martín,,
hipolito_alejandro_suarez_nuez,Hipólito Alejandro Suárez Nuez,,
helena_arribas_esteve,Helena Arribas Esteve,,
hamed_mohamed_ahmed,Hamed Mohamed Ahmed,,
gustavo_adolfo_alcalde_sanchez,Gustavo-Adolfo Alcalde Sánchez,,
gustavo_garcia_garcia,Gustavo García García,,
guillermo_santiago_fernandez_perez,Guillermo Santiago Fernández Pérez,,
guillermo_medina_gonzalez,Guillermo Medina González,,
guillermo_martinez_arcas,Guillermo Martínez Arcas,,
guillermo_luca_tena_brunet,Guillermo Luca de Tena Brunet,,
guillermo_olives_pons,Guillermo de Olives Pons,,
guadalupe_maria_casanova_baragano,Guadalupe María Casanova Baragaño,,
gregorio_toledo_rodriguez,Gregorio Toledo Rodríguez,,
graciliano_palomo_garcia,Graciliano Palomo García,,
gorka_elejabarrieta_diaz,Gorka Elejabarrieta Díaz,,
gonzalo_quiroga_churruca,Gonzalo Quiroga Churruca,,
gloria_isabel_calero_albal,Gloria Isabel Calero Albal,,
gerardo_mesa_noda,Gerardo Mesa Noda,,
gerardo_martinez_martinez,Gerardo Martínez Martínez,,
gabriel_rodado_fernandez,Gabriel Rodado Fernández,,
gabriel_maria_madariaga_izurza,Gabriel María Madariaga Izurza,,
fulgencio_gil_jodar,Fulgencio Gil Jódar,,
froilan_german_rodriguez_diaz,Froilán Germán Rodríguez Díaz,,
francisco_villodres_garcia,Francisco Villodres García,,
francisco_villagrasa_lopez,Francisco Villagrasa López,,
francisco_vicente_dominguez,Francisco Vicente Domínguez,,
francisco_valera_gonzalez,Francisco Valera González,,
francisco_serrano_hijano,Francisco Serrano Hijano,,
francisco_sanabria_escudero,Francisco Sanabria Escudero,,
francisco_rodriguez_martin,Francisco Rodríguez Martín,,
francisco_rodriguez_lopez,Francisco Rodríguez López,,
francisco_rausell_ruiz,Francisco Rausell Ruiz,,
francisco_quetglas_rosanes,Francisco Quetglas Rosanes,,
francisco_perea_torres,Francisco Perea Torres,,
francisco_manuel_ortiz_torre,Francisco Manuel Ortiz de la Torre,,
francisco_manuel_fajardo_palarea,Francisco Manuel Fajardo Palarea,,
francisco_lopez_baeza,Francisco López Baeza,,
francisco_leria_ortiz_saracho,Francisco Lería Ortiz de Saracho,,
francisco_jose_zamorano_vazquez,Francisco José Zamorano Vázquez,,
francisco_jose_maria_subirats_rosinol,Francisco José María Subirats Rosiñol,,
francisco_jose_carrillo_guerrero,Francisco José Carrillo Guerrero,,
francisco_jordan_urries_senante,Francisco Jordán de Urríes Senante,,
francisco_javier_yanguas_fernandez,Francisco Javier Yanguas Fernández,,
francisco_javier_valls_garcia,Francisco Javier Valls García,,
francisco_javier_terriente_quesada,Francisco Javier Terriente Quesada,,
francisco_javier_solano_rodriguez,Francisco Javier Solano Rodríguez,,
francisco_javier_sanz_carraminana,Francisco Javier Sanz Carramiñana,,
francisco_javier_peon_torre,Francisco Javier Peón Torre,,
francisco_javier_onate_marin,Francisco Javier Oñate Marín,,
francisco_javier_lopez_garcia,Francisco Javier López García,,
francisco_javier_fragoso_martinez,Francisco Javier Fragoso Martínez,,
francisco_javier_aragon_ariza,Francisco Javier Aragón Ariza,,
francisco_javier_alegre_buxeda,Francisco Javier Alegre Buxeda,,
francisco_ignacio_iruin_sanz,Francisco Ignacio Iruín Sanz,,
francisco_ignacio_caceres_blanco,Francisco Ignacio de Cáceres Blanco,,
francisco_gilet_girart,Francisco Gilet Girart,,
francisco_fernandez_cortes,Francisco Fernández Cortés,,
francisco_diaz_munoz,Francisco Díaz Muñoz,,
francisco_celdran_vidal,Francisco Celdrán Vidal,,
francisco_catala_pardo,Francisco Catalá Pardo,,
francisco_carlos_espana_fuentes,Francisco Carlos España Fuentes,,
francisco_canizares_jimenez,Francisco Cañizares Jiménez,,
francisco_bella_galan,Francisco Bella Galán,,
francisco_antonio_blanco_angel,Francisco Antonio Blanco Ángel,,
francisco_andres_barreda_perez,Francisco Andrés de la Barreda Pérez,,
francisca_lopez_yebenes,Francisca López Yébenes,,
francesc_xavier_tubert_alsina,Francesc Xavier Tubert Alsina,,
francesc_xavier_marimon_sabate,Francesc Xavier Marimon Sabaté,,
florencio_hidalgo_barquero_del_rosal,Florencio Hidalgo-Barquero del Rosal,,
fidel_mesa_ciriza,Fidel Mesa Ciriza,,
fernando_sanz_alonso,Fernando Sanz Alonso,,
fernando_rojas_gomez,Fernando Rojas Gómez,,
fernando_peligero_escudero,Fernando Peligero Escudero,,
fernando_novo_munoz,Fernando Novo Muñoz,,
fernando_monter_gonzalez,Fernando Monter González,,
fernando_martin_minguijon,Fernando Martín Minguijón,,
fernando_luis_velilla_royo,Fernando Luis Velilla Royo,,
fernando_lopez_gil,Fernando López Gil,,
fernando_lastra_valdes,Fernando Lastra Valdés,,
fernando_herreiz_muruzabal,Fernando Herreiz Muruzabal,,
fernando_gimenez_navarro,Fernando Giménez Navarro,,
fernando_gil_nieto,Fernando Gil Nieto,,
fernando_arvizu_galarraga,Fernando de Arvizu Galarraga,,
fernando_chueca_aguinaga,Fernando Chueca Aguinaga,,
fernando_becker_zuazua,Fernando Bécker Zuazua,,
fernando_aristizabal_recarte,Fernando Aristizábal Recarte,,
fermin_solana_prellezo,Fermín Solana Prellezo,,
fermin_carnero_gonzalez,Fermín Carnero González,,
felix_ortega_fernandez,Félix Ortega Fernández,,
felix_montes_jort,Félix Montes Jort,,
felix_lopez_hueso,Félix López Hueso,,
felix_las_cuevas_cortes,Félix de las Cuevas Cortés,,
felipe_soler_sabaris,Felipe Soler Sabarís,,
felipe_romero_morcillo,Felipe Romero Morcillo,,
felipe_angel_calvo_calvo,Felipe Ángel Calvo Calvo,,
feliciano_roman_ruiz,Feliciano Román Ruiz,,
federico_zabala_alcibar_jauregui,Federico Zabala Alcíbar-Jáuregui,,
federico_sanz_diaz,Federico Sanz Díaz,,
federico_santamaria_velasco,Federico Santamaría Velasco,,
federico_padron_padron,Federico Padrón Padrón,,
fatima_mohamed_dos_santos,Fátima Mohamed Dos Santos,,
fabian_chinea_correa,Fabián Chinea Correa,,
evaristo_amat_leon_guitart,Evaristo Amat de León Guitart,,
eva_navarro_gonzalez,Eva Navarro González,,
eva_maria_granados_galiano,Eva María Granados Galiano,,
eva_maria_amador_guillen,Eva María Amador Guillén,,
eusebio_jesus_santos_mota,Eusebio Jesús Santos de la Mota,,
eulogio_agudo_calleja,Eulogio Agudo Calleja,,
eugenio_jesus_gonzalvez_garcia,Eugenio Jesús Gonzálvez García,,
esther_vallejo_miguel,Esther Vallejo de Miguel,,
esther_munoz_iglesia,Esther Muñoz de la Iglesia,,
esther_basilia_del_brio_gonzalez,Esther Basilia del Brío González,,
esteve_tomas_torrens,Esteve Tomàs Torrens,,
estefania_martin_palop,Estefanía Martín Palop,,
estefania_beltran_heredia_arroniz,Estefanía Beltrán de Heredia Arroniz,,
esteban_malabia_rabadan,Esteban Malabia Rabadán,,
esperanza_gomez_corona,Esperanza Gómez Corona,,
esmeralda_iranzo_sanchez,Esmeralda Iranzo Sánchez,,
ernesto_ramon_baringo_jordan,Ernesto Ramón Baringo Jordán,,
enrique_serafin_cobo_fernandez,Enrique Serafín Cobo Fernández,,
enrique_prieto_carrasco,Enrique Prieto Carrasco,,
enrique_martinez_martinez,Enrique Martínez Martínez,,
enrique_marco_soler,Enrique Marco Soler,,
enrique_lopez_gonzalez,Enrique López González,,
enrique_gonzalez_vaello,Enrique González Vaello,,
enrique_garcia_martinez,Enrique García Martínez,,
enrique_cabezas_perez,Enrique Cabezas Pérez,,
enrique_bolin_perez_argemi,Enrique Bolín Pérez-Argemi,,
enrique_amat_vicedo,Enrique Amat Vicedo,,
enric_vendrell_duran,Enric Vendrell Durán,,
encarnacion_munoz_rosa,Encarnación Muñoz Rosa,,
encarnacion_ibanez_vazquez,Encarnación Ibáñez Vázquez,,
encarnacion_ana_castaner_pamplona,Encarnación Ana Castañer Pamplona,,
emilio_zapatero_villalonga,Emilio Zapatero Villalonga,,
emilio_zamarriego_monedero,Emilio Zamarriego Monedero,,
emilio_perez_ruiz,Emilio Pérez Ruiz,,
emilio_castro_palomares,Emilio Castro Palomares,,
emilio_casals_parral,Emilio Casals Parral,,
emiliano_sanz_escalera,Emiliano Sanz Escalera,,
emigdio_martinez_catalan,Emigdio Martínez Catalán,,
elviro_blas_hernandez_reboso,Elviro Blas Hernández Reboso,,
elvira_garcia_diaz,Elvira García Díaz,,
elvira_castilla_del_pino,Elvira Castilla del Pino,,
eloisa_fernandez_valenzuela,Eloísa Fernández Valenzuela,,
elisenda_perez_esteve,Elisenda Pérez Esteve,,
elisabet_abad_giralt,Elisabet Abad Giralt,,
elia_tortolero_orejuela,Elia Tortolero Orejuela,,
elena_etxegoyen_gaztelumendi,Elena Etxegoyen Gaztelumendi,,
eladio_lujan_agudo,Eladio Luján Agudo,,
eladio_castro_uria,Eladio Castro Uría,,
eduardo_rodriguez_espinosa,Eduardo Rodríguez Espinosa,,
eduardo_raboso_garcia_baquero,Eduardo Raboso García-Baquero,,
eduardo_canizares_clavijo,Eduardo Cañizares Clavijo,,
eduardo_baselga_garcia_escudero,Eduardo Baselga García-Escudero,,
domingo_prieto_garcia,Domingo Prieto García,,
domingo_guzman_alvarez_ruiz_vinaspre,Domingo de Guzmán Álvarez Ruiz de Viñaspre,,
dionisio_gonzalez_otazo,Dionisio González Otazo,,
diego_miguel_asensio_martinez,Diego Miguel Asensio Martínez,,
diego_diaz_pozas,Diego Díaz Pozas,,
david_juan_munoz_arbona,David Juan Muñoz Arbona,,
daniel_simancas_pardo,Daniel Simancas Pardo,,
daniel_garcia_sanchez,Daniel García Sánchez,,
cristobal_marques_palliser,Cristóbal Marqués Palliser,,
cristobal_juan_pons_franco,Cristóbal Juan Pons Franco,,
cristina_agudo_cadarso,Cristina Agudo Cadarso,,
ciriaco_diaz_porras,Ciriaco Díaz Porras,,
cesar_villalon_rico,César Villalón Rico,,
cesar_martin_montes,César Martín Montes,,
cesar_miguel_lopez,César de Miguel López,,
cesar_augusto_escribano_gordo,César Augusto Escribano de Gordo,,
cesar_alejandro_mogo_zaro,César Alejandro Mogo Zaro,,
celso_rodriguez_legido,Celso Rodríguez Legido,,
cecilia_raposo_llobet,Cecilia Raposo Llobet,,
carmen_primo_albert,Carmen Primo Albert,,
carlos_yecora_roca,Carlos Yécora Roca,,
carlos_sanz_diez_ure,Carlos Sanz Díez de Ure,,
carlos_rojo_martinez,Carlos Rojo Martínez,,
carlos_perez_gonzalez,Carlos Pérez González,,
carlos_manuel_bencomo_mendoza,Carlos Manuel Bencomo Mendoza,,
carlos_jaramillo_rodriguez,Carlos Jaramillo Rodríguez,,
carlos_hernandez_gil,Carlos Hernández Gil,,
carlos_gimenez_bertomeu,Carlos Giménez Bertomeu,,
carlos_clemente_torrijos,Carlos Clemente Torrijos,,
carlos_alberto_davila_sanchez,Carlos Alberto Dávila Sánchez,,
braulio_muriel_lopez,Braulio Muriel López,,
borja_perez_sicilia,Borja Pérez Sicilia,,
blanca_azucena_martinez_gomez,Blanca Azucena Martínez Gómez,,
belarmina_martinez_gonzalez,Belarmina Martínez González,,
beatriz_martin_larred,Beatriz Martín Larred,,
beatriz_caro_nieto,Beatriz Caro Nieto,,
bartolome_romero_romero,Bartolomé Romero Romero,,
bartolome_flores_flores,Bartolomé Flores Flores,,
baltasar_garzon_garzon,Baltasar Garzón Garzón,,
baldomero_espinosa_moreno,Baldomero Espinosa Moreno,,
aurelio_serrano_martinez,Aurelio Serrano Martínez,,
aurel_gheorghe_sava_garceran,Aurel Gheorghe Sava Garcerán,,
assumpcio_castellvi_auvi,Assumpció Castellví Auví,,
arturo_gonzalez_lopez,Arturo González López,,
armando_benito_calleja,Armando Benito Calleja,,
antonio_vicente_hormiga_alonso,Antonio Vicente Hormiga Alonso,,
antonio_valverde_ortega,Antonio Valverde Ortega,,
antonio_serrano_aguilar,Antonio Serrano Aguilar,,
antonio_sanchez_lucas,Antonio Sánchez Lucas,,
antonio_rallo_romero,Antonio Rallo Romero,,
antonio_pena_suarez,Antonio Peña Suárez,,
antonio_orpez_asensi,Antonio Orpez Asensi,,
antonio_luis_medina_toledo,Antonio Luis Medina Toledo,,
antonio_juan_alfonso_quiros,Antonio Juan Alfonso Quirós,,
antonio_jesus_serrano_vinue,Antonio Jesús Serrano Vinué,,
antonio_jesus_amador_cueto,Antonio Jesús Amador Cueto,,
antonio_iglesias_casado,Antonio Iglesias Casado,,
antonio_hernandez_caire,Antonio Hernández Caire,,
antonio_guinea_toro,Antonio Guinea de Toro,,
antonio_garcia_olid,Antonio García Olid,,
antonio_francisco_fuster_zanoguera,Antonio Francisco Fuster Zanoguera,,
antonio_fajarnes_montaner,Antonio Fajarnés Montaner,,
antonio_callado_garcia,Antonio Callado García,,
antonio_bermejo_redondo,Antonio Bermejo Redondo,,
antonio_aguilar_cruz,Antonio Aguilar Cruz,,
antonia_visiedo_nieto,Antonia Visiedo Nieto,,
antoni_casanovas_brugal,Antoni Casanovas Brugal,,
anton_canyellas_balcells,Antón Canyellas Balcells,,
anna_azamar_capdevila,Anna Azamar Capdevila,,
angustias_maria_rodriguez_ortega,Angustias María Rodríguez Ortega,,
angel_orozco_gomez,Ángel Orozco Gómez,,
angel_mayo_llanos,Ángel Mayo Llanos,,
angel_maria_ruiz_erenchun_oficialdegui,Ángel María Ruiz de Erenchun Oficialdegui,,
angel_luis_jaime_baro,Ángel Luis Jaime Baró,,
angel_hernandez_benito,Ángel Hernández Benito,,
angel_castroviejo_calvo,Ángel Castroviejo Calvo,,
angel_capdevila_blanco,Ángel Capdevila Blanco,,
andres_pedro_calero_baena,Andrés Pedro Calero Baena,,
andres_limon_jimenez,Andrés Limón Jiménez,,
anastasio_fernando_modrego_vitoria,Anastasio Fernando Modrego Vitoria,,
ana_pilar_velilla_martinez,Ana Pilar Velilla Martínez,,
ana_maria_luisa_bravo_doviso,Ana María Luisa Bravo Doviso,,
ana_isabel_lasheras_meavilla,Ana Isabel Lasheras Meavilla,,
amaya_landin_diaz_corcuera,Amaya Landín Díaz de Corcuera,,
alvaro_diego_criado,Álvaro de Diego Criado,,
alvaro_argany_fajardo,Álvaro Argany Fajardo,,
alfredo_gimeno_ortiz,Alfredo Gimeno Ortiz,,
alfonso_moreno_del_cuvillo,Alfonso Moreno del Cuvillo,,
alfonso_gil_invernon,Alfonso Gil Invernón,,
alfonso_alonso_martinez,Alfonso Alonso Martínez,,
alejandro_meana_ferrajon,Alejandro Meana Ferrajón,,
alberto_teran_molleda,Alberto Terán Molleda,,
alberto_lopez_fernandez,Alberto López Fernández,,
alberto_galeron_miguel,Alberto Galerón de Miguel,,
alberto_fernando_martinez_martinez,Alberto Fernando Martínez Martínez,,
agustin_garcia_millan,Agustín García Millán,,
agustin_esteban_gomez,Agustín Esteban Gómez,,
adolfo_vilafranca_bosch,Adolfo Vilafranca Bosch,,
adolfo_gonzalez_revenga,Adolfo González Revenga,,
adolfo_garcia_viana_cardenas,Adolfo García de Viana Cárdenas,,
adolfo_abejon_ortega,Adolfo Abejón Ortega,,
